contact,products
<span>|</span>, WASTE WATER PUMPS
<span>|</span>, PRESSURE BOOSTER SYSTEM
<span>|</span>,BOREWELL SUBMERSIBLE PUMPS 
<span>|</span>, OPENWELL SUBMERSIBLE PUMPS
<span>|</span>,I-SMART PUMPS
<span>|</span>, PIPES 
"<span class=""close-search"">x</span>", HOUSING WIRES 
"<span class=""mega-toggle-animated-box"">
                    <span class=""mega-toggle-animated-inner""></span>
                  </span>",SUBMERSIBLE CABLES 
"<span class=""mega-toggle-animated-inner""></span>", FIRE FIGHTING SYSTEM 
"<span class=""mega-indicator""></span>", HVAC SYSTEM
"<span class=""mega-indicator""></span>",SOLAR PUMPS
"<span class=""mega-indicator""></span>",AIR VALVE 
"<span class=""mega-indicator""></span>", BUTTERFLY VALVE
"<span class=""mega-toggle-animated-box"">
                    <span class=""mega-toggle-animated-inner""></span>
                  </span>", STARTERS AND PANELS
"<span class=""mega-toggle-animated-inner""></span>", SWIMMING POOL PUMPS
